t,window,phase,axis,peak_dev_deg,iae_deg_s,settle_s,motor_peak,surface_peak,moment_est,run,ctrl,case,seed
7.08,hover_takeoff,hover_takeoff,roll,1.5146466445922853,1.3504670367144416,1.240165999999995,0.95,0.028,0.9810606124066297,indi_w6_s1,indi,w6,1
12.08,hover_takeoff,hover_takeoff,pitch,0.8031277275085449,0.7329074695587177,0.0,0.95,0.224,0.7995318522355032,indi_w6_s1,indi,w6,1
21.44,transition,transition,roll,5.918101205825806,14.502863658142086,4.960000000000001,0.717,0.052,0.8675364852002994,indi_w6_s1,indi,w6,1
26.44,transition,transition,pitch,1.0237869866192342,1.8591040075048808,0.20000000000000284,0.663,0.248,0.8628248074242203,indi_w6_s1,indi,w6,1
51.64,cruise,transition,roll,11.482017440795898,31.6386198138899,4.960333000000006,0.64,0.154,0.6924725766656459,indi_w6_s1,indi,w6,1
56.6,cruise,fixed_wing,pitch,9.223848152160645,22.873257219652576,4.960333000000006,0.585,0.886,,indi_w6_s1,indi,w6,1
98.32,hover_land,hover_land,roll,1.286691830167547,0.7978363857542966,1.1995959999999997,0.729,0.034,0.8612546231180833,indi_w6_s1,indi,w6,1
103.32,hover_land,hover_land,pitch,0.8122531858583292,0.5916099597897349,0.0,0.676,0.252,0.8630105714766356,indi_w6_s1,indi,w6,1
7.04,hover_takeoff,hover_takeoff,roll,1.5605097198486328,1.3046141995196425,1.280151,0.95,0.032,0.9876694234907738,indi_w6_s2,indi,w6,2
12.04,hover_takeoff,hover_takeoff,pitch,0.8090873241424561,0.7800069179534904,0.0,0.95,0.228,0.8201366990776024,indi_w6_s2,indi,w6,2
21.52,transition,transition,roll,5.766665163040161,14.060828253936744,4.959999999999994,0.717,0.056,0.848338429057001,indi_w6_s2,indi,w6,2
26.52,transition,transition,pitch,1.4450586789101363,2.00193550439402,4.959999999999994,0.675,0.25,0.8503759241361768,indi_w6_s2,indi,w6,2
51.72,cruise,transition,roll,11.23609275817871,30.23969101692314,4.960333000000006,0.646,0.148,0.7054518178324521,indi_w6_s2,indi,w6,2
56.72,cruise,fixed_wing,pitch,14.98937557697296,40.03764052314002,4.960331999999994,0.15,0.848,1.0572541820557944,indi_w6_s2,indi,w6,2
92.24,hover_land,hover_land,roll,1.3603875644877552,0.9540312241903778,1.1995970000000113,0.77,0.042,0.8876319632143762,indi_w6_s2,indi,w6,2
97.2,hover_land,hover_land,pitch,0.7985613346099854,0.641951927684487,0.0,0.68,0.206,0.9077604028613155,indi_w6_s2,indi,w6,2
7.04,hover_takeoff,hover_takeoff,roll,1.5922883224487305,1.3774303428530346,1.2801389999999984,0.95,0.034,0.9955795014034067,indi_w6_s3,indi,w6,3
12.04,hover_takeoff,hover_takeoff,pitch,0.798058681488037,0.7584243183135972,0.0,0.95,0.234,0.8101224064761992,indi_w6_s3,indi,w6,3
21.44,transition,transition,roll,5.86638258934021,14.28079989547731,4.960000000000001,0.71,0.05,0.8711926161994117,indi_w6_s3,indi,w6,3
26.44,transition,transition,pitch,1.0280961244553328,1.9234521215692186,0.23999999999999488,0.674,0.248,0.8684401623945193,indi_w6_s3,indi,w6,3
51.72,cruise,transition,roll,10.314910907745361,29.582690554919086,4.960332000000008,0.67,0.124,0.703671908833986,indi_w6_s3,indi,w6,3
56.72,cruise,fixed_wing,pitch,14.82292430639267,39.42219860779819,4.960332999999991,0.15,0.886,1.2683706923071236,indi_w6_s3,indi,w6,3
92.04,hover_land,hover_land,roll,1.3445205058075953,0.9729433718955735,1.2395839999999936,0.76,0.034,0.8824219597805104,indi_w6_s3,indi,w6,3
97.04,hover_land,hover_land,pitch,0.8210238416989645,0.6758685004016263,0.0,0.678,0.198,0.9035756045896776,indi_w6_s3,indi,w6,3
7.04,hover_takeoff,hover_takeoff,roll,2.9490010213851927,2.0167999809227326,1.400068000000001,0.95,0.094,0.9035757285872994,indi_w9_s1,indi,w9,1
12.04,hover_takeoff,hover_takeoff,pitch,1.749270601272583,1.2498874935626947,1.3200000000000003,0.915,0.268,0.8664453839474372,indi_w9_s1,indi,w9,1
21.36,transition,transition,roll,11.914206209182739,17.86871196975708,4.960000000000001,0.807,0.152,0.8936181404154053,indi_w9_s1,indi,w9,1
26.36,transition,transition,pitch,19.269556527137755,30.44045775625706,4.600000000000001,0.691,0.636,0.19053246460890633,indi_w9_s1,indi,w9,1
53.6,cruise,fixed_wing,roll,18.356764717102052,39.538552160337424,1.1596100000000007,0.0,0.714,0.9816233575915114,indi_w9_s1,indi,w9,1
58.56,cruise,fixed_wing,pitch,16.737927578700088,45.02745604736796,4.999319999999997,0.486,1.0,0.622004833786907,indi_w9_s1,indi,w9,1
114.88,hover_land,hover_land,roll,2.950554460287094,2.172021669485915,1.359770999999995,0.861,0.076,0.9151940175906345,indi_w9_s1,indi,w9,1
119.88,hover_land,hover_land,pitch,10.525610952377319,8.490515035423824,1.2007980000000202,0.603,0.49,0.5286305038950586,indi_w9_s1,indi,w9,1
7.04,hover_takeoff,hover_takeoff,roll,2.949181169271469,2.0053543804185976,1.359144999999998,0.95,0.094,0.9062896554634359,indi_w9_s2,indi,w9,2
12.04,hover_takeoff,hover_takeoff,pitch,1.7469699001312256,1.2523822076797528,1.3200000000000003,0.914,0.27,0.8724589003670665,indi_w9_s2,indi,w9,2
21.4,transition,transition,roll,11.897404580116271,17.92484444503784,4.960000000000001,0.801,0.152,0.8967491006562865,indi_w9_s2,indi,w9,2
26.4,transition,transition,pitch,19.23253595352173,30.98492333223224,4.68,0.682,0.634,0.1944035356883692,indi_w9_s2,indi,w9,2
53.72,cruise,fixed_wing,roll,19.43581455230713,42.38974163350106,1.2805689999999998,0.0,0.694,0.9044628267865668,indi_w9_s2,indi,w9,2
58.68,cruise,fixed_wing,pitch,17.467297841906547,30.55976211141502,4.960332000000008,0.553,0.77,0.2821874947492497,indi_w9_s2,indi,w9,2
118.8,hover_land,hover_land,roll,3.0906267837053747,3.0968252779927967,0.9998319999999978,0.95,0.09,0.9007865577279162,indi_w9_s2,indi,w9,2
123.8,hover_land,hover_land,pitch,1.9375053787231444,1.63911574240177,1.2007980000000202,0.648,0.288,0.9619358244722933,indi_w9_s2,indi,w9,2
7.08,hover_takeoff,hover_takeoff,roll,2.953121930360794,1.9959206013315913,1.3597540000000023,0.95,0.09,0.897572719057383,indi_w9_s3,indi,w9,3
12.04,hover_takeoff,hover_takeoff,pitch,1.7596765422821046,1.250325592899326,1.3200000000000003,0.916,0.268,0.8698934804720826,indi_w9_s3,indi,w9,3
21.4,transition,transition,roll,10.938757696151733,16.667000730895996,4.960000000000001,0.802,0.138,0.8994489429590417,indi_w9_s3,indi,w9,3
26.4,transition,transition,pitch,19.07535956323147,29.497235481321816,3.280000000000001,0.721,0.612,0.14240873897670905,indi_w9_s3,indi,w9,3
53.6,cruise,fixed_wing,roll,15.226150856018066,37.02884179572899,1.0406499999999994,0.0,0.706,0.92628432294488,indi_w9_s3,indi,w9,3
58.6,cruise,fixed_wing,pitch,15.864286420745774,42.693479992111634,4.960332999999991,0.52,1.0,0.6134613898231582,indi_w9_s3,indi,w9,3
113.8,hover_land,hover_land,roll,2.962632842361927,2.190201205299889,1.359770999999995,0.867,0.074,0.9233248533112327,indi_w9_s3,indi,w9,3
118.8,hover_land,hover_land,pitch,10.18240382194519,8.174340643180583,1.1608050000000105,0.603,0.468,0.5407549034234201,indi_w9_s3,indi,w9,3
7.08,hover_takeoff,hover_takeoff,roll,2.141381845474243,4.521728769073504,2.5202639999999974,0.95,0.044,,pid_w6_s1,pid,w6,1
12.08,hover_takeoff,hover_takeoff,pitch,4.247523608207703,6.416475547450783,2.3200000000000003,0.938,0.214,,pid_w6_s1,pid,w6,1
20.96,transition,transition,roll,4.694295978546142,12.840549484252929,4.960000000000001,0.766,0.028,,pid_w6_s1,pid,w6,1
25.96,transition,transition,pitch,5.243169159889221,7.035232237759231,2.520000000000003,0.631,0.23,,pid_w6_s1,pid,w6,1
50.68,cruise,transition,roll,9.37903374671936,27.931497189931797,4.960332999999991,0.713,0.082,,pid_w6_s1,pid,w6,1
55.68,cruise,fixed_wing,pitch,15.816814705729485,47.67336933741638,4.999319999999997,0.0,0.81,,pid_w6_s1,pid,w6,1
90.28,hover_land,hover_land,roll,1.9877747242711485,3.6406806686016377,1.9203550000000007,0.775,0.03,,pid_w6_s1,pid,w6,1
95.28,hover_land,hover_land,pitch,4.5558098030090335,6.8055955455499895,1.7204210000000018,0.699,0.212,,pid_w6_s1,pid,w6,1
7.08,hover_takeoff,hover_takeoff,roll,2.155798387527466,4.574021393214292,2.4799870000000013,0.95,0.044,,pid_w6_s2,pid,w6,2
12.08,hover_takeoff,hover_takeoff,pitch,4.176433401107788,6.49245456244647,2.3599999999999994,0.935,0.212,,pid_w6_s2,pid,w6,2
20.96,transition,transition,roll,4.762121534347534,13.410185066223134,4.960000000000001,0.75,0.028,,pid_w6_s2,pid,w6,2
25.96,transition,transition,pitch,4.576505430936813,6.649412852477282,2.520000000000003,0.638,0.232,,pid_w6_s2,pid,w6,2
50.68,cruise,transition,roll,9.408098068237305,29.92952041318151,4.960331999999994,0.678,0.122,,pid_w6_s2,pid,w6,2
55.68,cruise,fixed_wing,pitch,16.45036383971572,48.082317447616,4.960332999999991,0.0,0.772,,pid_w6_s2,pid,w6,2
90.28,hover_land,hover_land,roll,2.0676817893981934,3.5605762967376546,1.919354999999996,0.763,0.032,,pid_w6_s2,pid,w6,2
95.28,hover_land,hover_land,pitch,4.5565698623657225,6.810710548691211,1.2005959999999902,0.7,0.22,,pid_w6_s2,pid,w6,2
7.08,hover_takeoff,hover_takeoff,roll,1.927205502986908,3.8174614166083636,2.119578000000004,0.95,0.044,,pid_w6_s3,pid,w6,3
12.08,hover_takeoff,hover_takeoff,pitch,3.5888482189178466,6.248030914282802,2.240000000000002,0.95,0.248,,pid_w6_s3,pid,w6,3
21.24,transition,transition,roll,6.248704261779785,17.43331951828004,4.960000000000001,0.726,0.032,,pid_w6_s3,pid,w6,3
26.24,transition,transition,pitch,4.6970282208174465,6.57337930005789,2.3599999999999994,0.611,0.244,,pid_w6_s3,pid,w6,3
51.24,cruise,transition,roll,9.143858671188354,30.454820332016556,4.999319999999997,0.633,0.116,,pid_w6_s3,pid,w6,3
56.24,cruise,fixed_wing,pitch,19.972520696520803,56.441924937700286,4.960333000000006,0.0,0.824,,pid_w6_s3,pid,w6,3
90.76,hover_land,hover_land,roll,1.9912601506081409,3.856235612101318,1.9603409999999997,0.762,0.032,,pid_w6_s3,pid,w6,3
95.76,hover_land,hover_land,pitch,4.541806538899739,6.428979386197415,1.7194219999999945,0.68,0.218,,pid_w6_s3,pid,w6,3
7.04,hover_takeoff,hover_takeoff,roll,4.728527138233185,6.709208508360552,2.2799729999999983,0.95,0.086,,pid_w9_s1,pid,w9,1
12.04,hover_takeoff,hover_takeoff,pitch,7.72815435886383,12.082956882709258,2.280000000000001,0.95,0.428,,pid_w9_s1,pid,w9,1
21.56,transition,transition,roll,11.176394958496093,17.725841170501695,4.959999999999994,0.899,0.116,,pid_w9_s1,pid,w9,1
26.52,transition,transition,pitch,21.341998925209044,30.173757479941095,4.960000000000001,0.679,0.688,,pid_w9_s1,pid,w9,1
53.52,cruise,fixed_wing,roll,93.97770595550537,169.1448512883926,4.960331999999994,0.622,0.658,,pid_w9_s1,pid,w9,1
58.52,cruise,fixed_wing,pitch,15.29051983833313,52.003079706991095,4.960333000000006,0.584,0.882,,pid_w9_s1,pid,w9,1
114.32,hover_land,hover_land,roll,5.153075446212315,8.544877461532467,2.599562999999989,0.891,0.076,,pid_w9_s1,pid,w9,1
119.32,hover_land,hover_land,pitch,6.796170043945312,12.964785375970612,4.960166999999984,0.646,0.432,,pid_w9_s1,pid,w9,1
7.04,hover_takeoff,hover_takeoff,roll,4.733335616588593,6.731656338799277,2.2809309999999954,0.95,0.086,,pid_w9_s2,pid,w9,2
12.04,hover_takeoff,hover_takeoff,pitch,7.684112389087677,12.203929191130408,2.319999999999993,0.95,0.44,,pid_w9_s2,pid,w9,2
21.6,transition,transition,roll,10.879863891601563,17.385935932922365,4.960000000000001,0.877,0.112,,pid_w9_s2,pid,w9,2
26.56,transition,transition,pitch,21.08992347240448,30.153541570451857,4.960000000000001,0.675,0.682,,pid_w9_s2,pid,w9,2
53.8,cruise,fixed_wing,roll,102.4060786819458,174.27966924220982,4.960333000000006,0.772,0.756,,pid_w9_s2,pid,w9,2
58.76,cruise,fixed_wing,pitch,15.661909132003784,54.95292754784839,4.960332999999991,0.557,1.0,,pid_w9_s2,pid,w9,2
117.48,hover_land,hover_land,roll,5.301714044762775,9.458944690250869,2.960501999999991,0.94,0.074,,pid_w9_s2,pid,w9,2
122.48,hover_land,hover_land,pitch,19.818733671903612,18.263069435458487,2.1206439999999986,0.73,0.796,,pid_w9_s2,pid,w9,2
7.08,hover_takeoff,hover_takeoff,roll,4.726413622498512,6.722906233012376,2.279108000000001,0.95,0.088,,pid_w9_s3,pid,w9,3
12.08,hover_takeoff,hover_takeoff,pitch,7.719381041526795,11.976269231009493,2.280000000000001,0.95,0.44,,pid_w9_s3,pid,w9,3
21.6,transition,transition,roll,10.91579665184021,17.587661883544932,4.960000000000001,0.889,0.112,,pid_w9_s3,pid,w9,3
26.6,transition,transition,pitch,20.898357317447662,30.07766594758928,4.960000000000001,0.681,0.674,,pid_w9_s3,pid,w9,3
53.68,cruise,fixed_wing,roll,103.8026877784729,179.98173556454063,4.960333000000006,0.95,0.812,,pid_w9_s3,pid,w9,3
58.68,cruise,fixed_wing,pitch,15.74896737098694,54.808141232978734,4.960332999999991,0.532,1.0,,pid_w9_s3,pid,w9,3
114.0,hover_land,hover_land,roll,4.962370471954346,8.027817006079818,2.479582999999991,0.901,0.088,,pid_w9_s3,pid,w9,3
119.0,hover_land,hover_land,pitch,18.686925516463816,16.33525297166275,2.1996300000000133,0.716,0.798,,pid_w9_s3,pid,w9,3
