run,ctrl,case,seed,completed,hover_takeoff_roll_rms,hover_takeoff_pitch_rms,hover_land_roll_rms,hover_land_pitch_rms,transition_roll_rms,transition_pitch_rms,back_transition_roll_rms,back_transition_pitch_rms,fixed_wing_roll_rms,fixed_wing_pitch_rms,hover_takeoff_alt_rms,hover_takeoff_motor_max_pct,hover_land_alt_rms,hover_land_motor_max_pct,fw_nav_roll_rms,fw_nav_pitch_rms,fw_tecs_alt_rms,fw_crosstrack_rms,fw_assist_pct,fw_airspeed_mean,hover_takeoff_indi_pct,hover_takeoff_indf_pct,transition_indi_pct,transition_indf_pct,fixed_wing_indi_pct,fixed_wing_indf_pct,hover_land_indi_pct,hover_land_indf_pct
indi_w6_s1,indi,w6,1,True,0.338317575428618,0.34174085769776263,0.13254564723913168,0.4637867467525794,1.7459592648047075,0.7736895335594304,0.18621453036641777,1.053267753488378,13.167626427009017,4.245139535143521,0.08182769511089133,0.0,0.7274566051264285,0.0,13.059734508042679,4.222877430345605,2.8878580600160593,16.979875445561063,0.0,16.586762054580873,93.1,0.0,100.0,0.0,,100.0,100.0,0.0
indi_w6_s2,indi,w6,2,True,0.13416770849548476,0.2960208425265664,0.12650377562625675,0.4858037545530524,1.3907394682435579,1.0951459951767784,0.21555808343090366,1.2926949011838231,13.1557613982043,4.249605570943564,0.07233954554780571,0.0,0.6748095353671487,0.0,13.085958280314593,4.228355328690682,2.897146060324473,17.414137443829002,0.0,16.59045027863845,92.5,0.0,100.0,0.0,,100.0,100.0,0.0
indi_w6_s3,indi,w6,3,True,0.2699991306276641,0.3193519681234061,0.12653185578918177,0.480601874444987,1.4042026004875432,1.0254296257443514,0.2491279945668139,1.0693138955707446,13.362727739775135,4.49543659835897,0.07562393196874151,0.0,0.692522110404175,0.0,13.28464233210258,4.474146581766755,2.933683124667756,18.067318603633378,0.0,16.525955254322774,93.0,0.0,100.0,0.0,,100.0,100.0,0.0
indi_w9_s1,indi,w9,1,True,0.4629755349848545,0.31311377689079767,0.9665683085829556,1.1514007324974083,1.7596003400480162,2.355503641605766,0.31670900970817173,1.0079039278790227,10.446152971290878,4.040937671784192,0.07696197501205664,0.0,0.7018165894849294,0.0,10.372803912852724,4.024780463302039,2.7547700016881715,25.26289796752605,10.2,16.044046771468746,92.6,0.0,100.0,0.0,9.8,89.8,100.0,0.0
indi_w9_s2,indi,w9,2,True,0.13681269457692657,0.3174937919486645,1.1308085027884918,1.249681965792825,1.612987190442342,2.072624374788627,0.13352721902434853,1.005019514494335,10.475947386679724,4.233314503887278,0.08158825256399384,0.0,0.667687739993419,0.0,10.404111810012202,4.228142085445642,2.874107362328215,25.665967595944128,11.1,15.990388930702759,92.7,0.0,100.0,0.0,10.7,88.9,100.0,0.0
indi_w9_s3,indi,w9,3,True,0.1453267806351444,0.3197469919763965,0.8394197616083419,1.0671337429322667,1.7374198975455066,2.32137421814428,0.304281015119263,1.14467765850434,10.439786964994319,4.283261600109427,0.0913313033962034,0.0,0.6764891501815283,0.0,10.505534649573114,4.296936441439946,2.868787643345944,25.41249700016307,10.4,16.013273873546428,92.8,0.0,100.0,0.0,10.1,89.6,100.0,0.0
pid_calm_s1,pid,calm,1,True,0.030505746863830188,0.5363838679562867,0.33290202777154904,0.35005729752783576,0.07382931436420632,1.095154140434799,1.003372262679835,1.41583057861582,14.575097371402917,1.78621453947023,0.17725697221411357,0.0,0.6396709073911069,0.0,14.52249323312441,1.780112055864366,1.871428992645562,11.635175218616723,0.0,17.021167174260317,,,,,,,,
pid_calm_s2,pid,calm,2,True,0.03381447811552025,0.5375215843334301,0.04801987933188412,0.5782086505265884,0.07449159419129957,1.14128872461951,1.129072026342479,0.7815565132922195,15.162099411176019,1.759677587505251,0.1765132871252451,0.0,0.6852672961099525,0.0,15.07896309901954,1.7526541693009894,1.8665312352120607,11.736582622499885,0.0,17.003745594699826,,,,,,,,
pid_w6_s1,pid,w6,1,True,0.16040950801205497,1.2418438862406476,0.2733946780282107,0.9225363972804442,1.3202065247793369,1.8027076499070038,0.7601842674604716,0.383276749614972,8.780247140241098,3.4249966908024794,0.08399652252457408,0.0,0.8195032689346767,0.0,8.715284397200124,3.4149580349767032,1.8167251885740328,14.070938012850693,56.1,13.539031342126343,,,,,,,,
pid_w6_s2,pid,w6,2,True,0.1526607251420011,1.2190808823733812,0.26963816406350016,0.9435925491561643,1.2858156656598712,1.754769480499347,1.1406527989092614,0.39457385884901053,8.890167543031062,3.5011946735525643,0.07268818805080504,0.0,0.8199548341126118,0.0,8.831465548786724,3.490315581744649,1.845241495546255,14.299525475065707,59.5,13.5770180679984,,,,,,,,
pid_w6_s3,pid,w6,3,True,0.344848014781707,1.2317915274801114,0.26362528192131846,0.9209943106163871,1.2965915492372808,1.718266782852499,0.17001540164896622,0.5076764419618603,8.764566597531761,3.3787958171830144,0.07377845144197587,0.0,0.8123238449480972,0.0,8.683839245173585,3.36649592444756,1.8015557697786824,13.479356311814023,57.9,13.527981442920233,,,,,,,,
pid_w9_s1,pid,w9,1,True,0.17599061669001947,2.0283799574108152,0.5402069143489902,2.55803710376588,2.726931482112245,3.509584398940476,0.19110107785552138,1.6700641680585342,11.605630373408106,5.559130912380807,0.08621407996139341,0.0,0.584732997352262,0.0,11.581835455560793,5.562198221487446,3.5140942653292346,36.612192352846584,33.7,14.690928497652369,,,,,,,,
pid_w9_s2,pid,w9,2,True,0.43270154224175505,1.9996923819072654,1.1393161449252112,2.574564013302104,2.6604066094598724,3.4931439679613465,0.2028093689736017,1.575076162637833,11.91109377638125,5.416808916524506,0.08478430644727726,0.0,0.5954662210245046,0.0,11.873211867039347,5.405419967930611,3.2073915985588073,37.28181208400246,34.1,14.773309199267095,,,,,,,,
pid_w9_s3,pid,w9,3,True,0.2504646212499687,2.038192044257311,1.1569322529615238,2.6091126644757345,2.7525512018953013,3.5929853071127105,0.7899215004847914,1.0899431819719763,12.20210697829545,5.3696273085229205,0.0885992383428755,0.0,0.589479725110809,0.0,12.142176833274048,5.3633068861913165,3.6623743179830495,39.67787710779044,32.4,14.875195921486462,,,,,,,,
